id,name,description,image_url,price,category,partner_url,sub_id,price_checked_at,active,price_basis,options,shipping,tier
p001,즈윌링 트윈샤프 칼갈이,주방 칼을 끼워 당기기만 하면 되는 슬롯형 칼갈이,https://thumbnail.coupangcdn.com/thumbnails/remote/640x640ex/image/product/image/vendoritem/2019/02/15/3005278775/219bdc14-f04b-4cfa-9157-da39f1216e5e.jpg,19300,생활·주방,https://link.coupang.com/a/hqV6wvoQH6,p001,2026-09-29,true,listed,default,rocket_threshold,normal
p002,엔젤쿡 양면 스텐 도마,양면 사용 스테인리스 도마 L사이즈(46x31cm),https://thumbnail.coupangcdn.com/thumbnails/remote/640x640ex/image/vendor_inventory/b4c8/fed34b6ccfa285d6461a713138140ce274826a8326e7bc57c4253ec04d31.jpg,23900,생활·주방,https://link.coupang.com/a/hqV7Cjrce4,p002,2026-09-29,true,listed,default,rocket_free,normal
p003,오펠 대용량 주방저울,최대 3kg까지 재는 디지털 주방저울,https://thumbnail.coupangcdn.com/thumbnails/remote/640x640ex/image/retail/images/1424187213871395-652f205d-91e3-41fe-91a4-5c866a769dd7.jpg,18970,생활·주방,https://link.coupang.com/a/hqV80eTnqu,p003,2026-09-29,true,listed,default,rocket_threshold,normal
p004,KUAHAI 원터치 휴지통 20L,다리 달린 원터치 뚜껑 휴지통 20L,https://thumbnail.coupangcdn.com/thumbnails/remote/640x640ex/image/vendor_inventory/f5f3/ecac9a7da0b96892b9d7d134e0b722ba2b1588c74d8a70d20879592ac227.jpg,16800,생활·주방,https://link.coupang.com/a/hqV9eWlR3A,p004,2026-09-29,true,listed,default,rocket_threshold,normal
p005,코멧 티타늄코팅 후라이팬 28cm,티타늄 코팅 프라이팬 28cm 1개,https://thumbnail.coupangcdn.com/thumbnails/remote/640x640ex/image/retail/images/211286964588641-67b1ca0f-7d75-4c02-bfa0-21290f0c39d0.jpg,12970,생활·주방,https://link.coupang.com/a/hqV9udyM8W,p005,2026-09-29,true,listed,default,rocket_threshold,normal
p006,바우토 큐브 멀티탭 3구,"콘센트 3구 + USB 포트 큐브형 멀티탭, 2m",https://thumbnail.coupangcdn.com/thumbnails/remote/640x640ex/image/vendor_inventory/c255/d3494e78b6e22386072244412e11f9810fb77ac29715b6b5c65434f2885c.png,22900,생활·주방,https://link.coupang.com/a/hqWaPuJJbU,p006,2026-09-29,true,listed,default,rocket_free,normal
p007,락앤락 원터치 텀블러 400ml,버튼 한 번에 열리는 슬림 보온보냉 텀블러 400ml,https://thumbnail.coupangcdn.com/thumbnails/remote/640x640ex/image/vendor_inventory/ce0a/6901f0374571d4530244a635779c6fd6e99b98235bd42b93efa11cadcae8.jpg,13140,생활·주방,https://link.coupang.com/a/hqWbjjRksK,p007,2026-09-29,true,listed,default,rocket_threshold,normal
p008,무아스 미니 LED 벽시계,숫자가 LED로 표시되는 미니 디지털 벽시계,https://thumbnail.coupangcdn.com/thumbnails/remote/640x640ex/image/1025_amir_coupang_oct_80k/98c0/ce777f6a4b62fd4ea5d6ee7c638ada1eb8247b60b7a530fea4f83f1e21d1.jpg,15900,생활·주방,https://link.coupang.com/a/hqWcrqdf8C,p008,2026-09-29,true,listed,default,rocket_threshold,normal
p009,FANOBO 도자기 냄비 2종 세트,도자기 냄비 2종 세트(편수 16cm + 양수 20cm),https://thumbnail.coupangcdn.com/thumbnails/remote/640x640ex/image/vendor_inventory/ce7f/d1982a79d43f0073c4dd57ef6edeab3b7ab10f397115bc8f4d9e83f73de1.jpg,23900,생활·주방,https://link.coupang.com/a/hqWcU7Kb4C,p009,2026-09-29,true,listed,default,rocket_free,normal
p010,플로우민 원형 경추베개,통째로 빨 수 있는 원형 경추베개 1개,https://thumbnail.coupangcdn.com/thumbnails/remote/640x640ex/image/vendor_inventory/92e5/72a8198da733047a72fff598a5112c8613ee702561fc49643c22f5d68779.jpg,16890,생활·주방,https://link.coupang.com/a/hqWc93MglE,p010,2026-09-29,true,listed,default,rocket_threshold,normal
p011,데코퍼니쳐 전신거울,벽에 기대 세우는 전신거울 30x150cm,https://thumbnail.coupangcdn.com/thumbnails/remote/640x640ex/image/retail/images/940015048742225-dac03ba2-fd63-486e-a040-1a6a554121f6.jpg,21640,생활·주방,https://link.coupang.com/a/hqWetkJXmS,p011,2026-09-29,true,listed,default,rocket_free,normal
p012,까사마루 공간박스 2개,접이식 패브릭 수납 공간박스 14L 2개,https://thumbnail.coupangcdn.com/thumbnails/remote/640x640ex/image/retail/images/2018/03/30/14/0/cbc3ee1c-45c8-4170-824e-6d9ab86da6b0.jpg,15800,생활·주방,https://link.coupang.com/a/hqWeIeQOWq,p012,2026-09-29,true,listed,default,rocket_threshold,normal
p013,더자카 호텔식 욕실화 2켤레,물 빠짐 호텔식 욕실화 2켤레 세트,https://thumbnail.coupangcdn.com/thumbnails/remote/640x640ex/image/retail/images/2880446383546961-c4f8927b-a186-4198-84c9-b01caf7fb265.png,13800,생활·주방,https://link.coupang.com/a/hqWeWNvezA,p013,2026-09-29,true,listed,default,rocket_threshold,normal
p014,솜사탕 의자 방석,푹신한 두께 10cm 정사각 의자 방석 45cm,https://thumbnail.coupangcdn.com/thumbnails/remote/640x640ex/image/1025_amir_coupang_oct_80k/3098/1fc69f7f8c8955ccf7706de242028298c424b61514e7f73b74aa4914126a.jpg,11900,생활·주방,https://link.coupang.com/a/hqWfbHngzs,p014,2026-09-29,true,listed,default,rocket_threshold,normal
p015,24K 강풍 장우산,살 24개 글라스파이버 대형 장우산,https://thumbnail.coupangcdn.com/thumbnails/remote/640x640ex/image/vendor_inventory/3ab6/3cd87aaf41dc6be711d948834bcc6a41c796f23b96ff81337668dbe16816.jpg,17500,생활·주방,https://link.coupang.com/a/hqWggraj12,p015,2026-09-29,true,listed,default,rocket_threshold,normal
p016,무아스 플랫우드 벽시계,원목 느낌 테두리의 무소음 아날로그 벽시계,https://thumbnail.coupangcdn.com/thumbnails/remote/640x640ex/image/vendor_inventory/0953/0dcb4b1594f90e89ef5503cce87b77b6ccfce12521ceece887c67641e6e0.jpg,13500,생활·주방,https://link.coupang.com/a/hqWguXmTtc,p016,2026-09-29,true,listed,single,rocket_threshold,normal
p017,도블레 항균도마,칼자국이 잘 안 남는 TPU 항균도마 소형,https://thumbnail.coupangcdn.com/thumbnails/remote/640x640ex/image/retail/images/236209308515567-aff09b50-a663-4751-92b3-74b587579213.jpg,14800,생활·주방,https://link.coupang.com/a/hqWgJUfXVc,p017,2026-09-29,true,listed,default,rocket_threshold,normal
p018,필립스 소닉케어 3100 전동칫솔,음파식 충전 전동칫솔 본체,https://thumbnail.coupangcdn.com/thumbnails/remote/640x640ex/image/retail/images/756112396063317-e83a46d7-d72b-4849-88dc-66246a1b4032.Jpg,54900,가전·디지털,https://link.coupang.com/a/hqWgYA2vwO,p018,2026-09-29,true,listed,default,rocket_free,hard
p019,브리츠 TWS7 블루투스 이어폰,방수 커널형 무선 블루투스 이어폰,https://thumbnail.coupangcdn.com/thumbnails/remote/640x640ex/image/1025_amir_coupang_oct_80k/8cb9/c993d499218af2d1bffce594dc572d1579eff736fe111ec487a4b00c7192.jpg,32900,가전·디지털,https://link.coupang.com/a/hqWicy6PCK,p019,2026-09-29,true,listed,default,rocket_free,hard
p020,비브르 무선 스틱청소기,BLDC 모터 무선 스틱청소기 + 구성품,https://thumbnail.coupangcdn.com/thumbnails/remote/640x640ex/image/vendor_inventory/2f35/9dc36c51805633e6b7f30fd9be2d8a540de44cc1e442c900ff11dfc0d849.png,138000,가전·디지털,https://link.coupang.com/a/hqWirf3UpU,p020,2026-09-29,true,listed,default,rocket_free,hard
p021,홈플래닛 에어프라이어 3.5L,다이얼식 3.5L 에어프라이어,https://thumbnail.coupangcdn.com/thumbnails/remote/640x640ex/image/retail/images/217998999266375-b4f8a4b3-ffe4-40aa-9c8f-57c413740966.jpg,34990,가전·디지털,https://link.coupang.com/a/hqWiGbHPAi,p021,2026-09-29,true,listed,single,rocket_free,hard
p022,AULA F87Pro 기계식 키보드,"텐키리스 유선 기계식 키보드, 저소음 축",https://thumbnail.coupangcdn.com/thumbnails/remote/640x640ex/image/vendor_inventory/c356/b17b86294cdc718c78f98d997f5a36f7ab1732cb7febf173a4e21ee94728.jpg,48000,가전·디지털,https://link.coupang.com/a/hqWiU6If6q,p022,2026-09-29,true,listed,default,rocket_free,hard
p023,필립스 무선 전기포트,스테인리스 1.7L 무선 전기포트,https://thumbnail.coupangcdn.com/thumbnails/remote/640x640ex/image/vendor_inventory/5319/9a909c6862888d5d2a82bc761053f41b500497297fddc8e618b7530f3163.jpg,37300,가전·디지털,https://link.coupang.com/a/hqWi9YnNrU,p023,2026-09-29,true,listed,single,rocket_free,hard
